contrast,n_pos,n_neg,voice45_full,voice45_phys,voice45_device,qc_only,age_only,net_bio_resid_QC_AGE
LC vs NON_LC,57,69,0.45842868039664375,0.5123315535214849,0.47241291634884314,0.334604627510806,0.9561403508771931,0.4202898550724638
LC vs COPD,57,36,0.5277777777777778,0.6076998050682261,0.5677387914230019,0.34600389863547754,0.625,0.557504873294347
LC vs all non-LC/COPD,57,105,0.49674185463659154,0.46733500417710944,0.5480367585630742,0.32999164578111945,0.7451963241436925,0.4755221386800334
