subset,CV_A,CV_B,transfer_A2B,transfer_B2A,transfer_A2B_resid,transfer_B2A_resid,leak_resid_A2B,leak_resid_B2A,source_leakage
full,0.49674185463659154,0.5489599188229325,0.4581430745814308,0.48504594820384295,0.4510400811770675,0.46516290726817044,0.825185185185185,0.9965432098765432,0.44179012345679014
phys,0.46733500417710944,0.46372399797057334,0.4687975646879756,0.4663324979114452,,,,,0.46969135802469136
device,0.5480367585630742,0.5119228817858954,0.42110603754439374,0.4390977443609022,,,,,0.5267283950617284
