group,n,voice45_auc,qc_auc
İBNİ SİNA,86,0.5760403916768666,0.4204406364749082
İBNİ SİNA 2,40,0.5192622950819672,0.3895491803278689
İBNİ SİNA 3,36,0.6157407407407408,0.38161375661375657
