alpha,cov_disease,acc_disease,cov_guarded,acc_guarded
0.1,0.5079365079365079,0.75,0.2222222222222222,0.5714285714285714
0.2,0.9206349206349206,0.7068965517241379,0.47619047619047616,0.7
0.3,0.7142857142857143,0.7333333333333333,0.31746031746031744,0.7
