contrast,n_pos,n_neg,full,phys,device,qc_only,age_only
SHAM IBNIctrl_vs_ACIBADEM,88,69,0.34057971014492755,0.5475955204216074,0.3502964426877471,0.5688405797101449,0.8643774703557313
