site,n,voice45_auc,qc_auc
IBNI,162,0.3512205387205387,0.5375280583613917
ACIBADEM,88,0.3512205387205387,0.5375280583613917
