contrast,n_pos,n_neg,full,phys,device,qc_only,age_only
LC vs IBNI-control (HONEST),57,69,0.45842868039664375,0.5123315535214849,0.47241291634884314,0.334604627510806,0.9561403508771931
LC vs ACIBADEM-control (NAIVE),57,88,0.4595295055821371,0.36622807017543857,0.5526315789473684,0.5089712918660287,0.9956140350877193
